{"cameraMode":{"drawMode":0,"name":"Shaded","section":"Shading Mode"},"sceneLighting":false,"audioPlay":false,"sceneViewState":{"m_AlwaysRefresh":false,"showFog":true,"showSkybox":false,"showFlares":true,"showImageEffects":true,"showParticleSystems":true,"showVisualEffectGraphs":true,"m_FxEnabled":true},"in2DMode":false,"pivot":{"x":140.48126220703126,"y":108.32320404052735,"z":399.13201904296877},"rotation":{"x":0.08141319453716278,"y":-0.9022958278656006,"z":0.37598028779029848,"w":0.1954316943883896},"size":7.965678691864014,"orthographic":false}